# Bertucci Samuele, Birardi Leonardo
# It Depends
# ML-CUP25
# Submission Date (06/01/2026)
1,-0.1847585647019656,-7.794327259063721,9.667410857626209,-3.3170139330115282
2,1.907175716159852,-14.998526573181152,-42.46463374030304,11.64491189097174
3,-5.0270906519748095,-4.314122200012207,-6.015616105132677,9.451382206661558
4,-9.757190550546731,-11.881585121154785,-25.733030239281117,12.517323890343459
5,15.783080609427973,-19.16849136352539,-25.578698499471844,22.410028416424318
6,-0.5972157805548974,-2.5342772006988525,4.2385713722856995,-7.915896518228001
7,-0.37479632229129756,13.206144332885742,-16.076899607004286,41.75188711093001
8,-1.6587704248864696,-4.326562881469727,0.669446510885488,-15.494031508280845
9,15.126389477970541,-6.7203688621521,18.962549658366445,-19.513506848429696
10,-4.768927464557073,-7.178254127502441,0.996983421415446,-8.73509548156447
11,-9.106769237726496,11.860937118530273,5.032224821363569,-29.814269009559332
12,3.3021339305174333,-12.253087997436523,21.808140200448946,-15.267327190539906
13,5.381005004841885,-8.186315536499023,25.238844711990364,-1.4984251028283266
14,4.567374462863096,-0.2696939706802368,7.596897363581972,-3.0684760143488727
15,0.08302080992236682,-6.827925205230713,-7.752880682747299,7.136304990361049
16,-5.235201530588245,-7.713253974914551,22.780602812004716,-13.800540639650553
17,-24.614526954748086,-3.4447860717773438,-4.833943799026638,38.36003443483382
18,2.789179093606279,2.706155776977539,9.213098758553212,-6.566791221093496
19,8.128586356038518,16.543161392211914,-11.869686863479611,15.239891072117205
20,-8.022878902911291,-7.475432395935059,9.984927576552797,-25.124317668751335
21,17.32305245371548,21.747638702392578,-3.9770187809343645,45.80742538625889
22,-0.1923776507280479,-4.395015716552734,7.868875740691269,-4.165513706352515
23,11.854493869839473,-7.696452617645264,19.85502699231878,-11.632847951363054
24,-7.7831396101351515,-1.0613222122192383,-24.37786314285206,12.914028755030564
25,-18.097036905919616,-8.082898139953613,14.482183304819877,-27.175807590613253
26,-2.4401058331909766,-15.79788589477539,-23.630500403607925,35.37549979437544
27,13.139324842403607,-0.6613165140151978,7.659922407745407,-21.406575827748846
28,-4.416731748951989,4.14530086517334,4.095030778805148,-3.2627217543843203
29,-1.9510080565257226,4.274099826812744,16.11058074879388,-22.142962808095973
30,-31.248568707779526,9.049699783325195,-48.02601651877845,7.318922715319852
31,-10.485298613258259,-9.929527282714844,24.113185059597576,-12.556941803180688
32,6.5963139570545195,3.3716769218444824,-28.812247886703766,28.579703445823597
33,-2.564437551151748,-6.424322128295898,-6.045652106393479,9.370793838908702
34,-0.7683586884368729,4.948491096496582,-49.78285592525537,2.7812635727607793
35,-2.9657245555975287,-12.507381439208984,-17.07517405929728,40.894661746274856
36,22.527741226946354,-1.1319769620895386,35.503944606936265,-3.4717599708978435
37,1.1704487734865836,-8.39493179321289,1.2080272552970195,-14.237355063751787
38,6.722784982409671,-21.825538635253906,-30.169458281852663,26.162483006921008
39,12.54153748004327,-2.7417073249816895,-23.003656001009745,28.08924718764673
40,11.091134312198928,14.280452728271484,-26.628182022492002,18.347715806448527
41,-16.86519814444673,2.5723884105682373,-16.388265696785364,28.222282715720972
42,17.45333021799103,-1.2929675579071045,27.535238408037802,-11.64144262379991
43,14.833883789031646,2.6404902935028076,16.927227759780724,-23.210812109247858
44,-10.913039821952662,-11.556114196777344,-38.98349413942617,10.094711071369263
45,4.778881040324677,17.297752380371094,-13.77212075333334,26.55596639407519
46,-7.60751474365713,14.600468635559082,-60.920728988768,0.40057544216133717
47,6.114153231526181,-0.515204131603241,5.051275452387785,-23.36358694153458
48,11.069096392579084,-5.296073913574219,-36.4304786773622,17.885005120917135
49,-3.1905801347389513,10.298759460449219,7.170871487493747,-27.813741708712723
50,-11.497559567844206,-6.51209020614624,-13.025086518820881,24.298012586178622
51,5.022742202631935,-12.888134002685547,-37.66099393371295,9.239682786759
52,-35.10373514455051,-13.597328186035156,-12.184238963065743,47.96992728347313
53,-2.437540229419393,-11.635680198669434,35.97328757442093,-6.148634695460596
54,0.2086590479848418,17.84527587890625,-18.521159147120475,32.77615427378886
55,-2.3503960436243148,-6.571455955505371,2.096670314230645,-13.320300632374751
56,0.2879267416453146,6.161377906799316,-29.7341075711042,21.53603296265288
57,15.706298794738757,-1.4421164989471436,-20.311801448301484,35.17620478462509
58,11.83839658212063,-5.238529682159424,25.566798848737353,-8.972796502035305
59,7.325592343158206,-26.163740158081055,-13.092116753869192,40.6340528594394
60,-3.0797377536795842,17.78778839111328,-28.646441128158934,22.59833435516257
61,-24.313130482873937,-0.7239704132080078,-28.800567472438214,4.506968205747294
62,-14.638557256568518,11.193613052368164,1.9528216007990165,-32.78683128414909
63,16.64922511357247,-1.2315502166748047,6.651578282486924,-36.93451522615349
64,3.6459373362945247,-3.383434295654297,2.846261766841339,-37.75305703377473
65,-18.055188597196015,-8.233847618103027,11.330619978853578,-23.828332355378727
66,3.825327313465678,1.1642882823944092,12.460018250971233,-27.79544621028661
67,-22.608373835739012,3.7011735439300537,-43.75233833764547,11.690785464890412
68,17.599002632767046,-0.4348757266998291,25.31011542198693,-14.40383125478273
69,-24.880777961134456,1.7792905569076538,-8.897823926831887,35.527669396513446
70,-0.9702035180929514,8.491374969482422,4.164210407220855,-30.72816201344692
71,-6.296378042477471,-10.61378288269043,7.2458689234555385,-24.839584914509462
72,-1.1490384837494005,-5.128952980041504,0.8351258540574549,-6.455538411208101
73,-2.355521094437549,-11.029743194580078,-11.005599917086602,12.86691537017052
74,18.072876201978747,-0.5517019033432007,6.223260981688876,-37.39363704477895
75,19.011759944347457,16.910165786743164,-23.998779650308407,31.008658398680506
76,4.998471453950941,8.679414749145508,-4.3712857414007456,14.217095145270543
77,2.664299440697654,-3.0090231895446777,29.539043429652622,-5.449044709500561
78,-4.879545511899053,-9.581622123718262,-23.277333037801693,13.492946668725118
79,-3.0355683766550783,-11.332452774047852,-13.582810588824005,12.354254545635495
80,7.281554021350182,0.7239604592323303,19.234528290554444,-20.842490422878313
81,21.542482856670365,-1.7491705417633057,34.56386524846426,-4.385443970451491
82,4.06960309915959,-24.13759994506836,-23.007973110676566,30.87650981341478
83,-9.108109259107138,-9.654937744140625,8.525799852322375,-25.033310194648244
84,-17.27397029960471,-11.174283981323242,-9.971226826329985,28.055113650795192
85,6.543079798237269,1.5271451473236084,7.127464903974857,-20.99092754983882
86,-0.13786643479713234,-6.9433274269104,15.080872967613224,-7.861161410230811
87,-3.0086436020170666,-11.18242359161377,-14.42841109813967,11.542551244612106
88,2.7455980735974137,24.484777450561523,-2.7648862436218944,53.89862935380596
89,6.228621231329015,1.888923168182373,5.413906199304607,-15.253517266472358
90,-22.67332468523301,1.8159379959106445,-43.83589925804864,11.599705819684713
91,8.270722574373316,-13.315544128417969,2.302139806856351,-35.47449475868904
92,-2.458042568315747,-9.795265197753906,-13.596659838606474,11.309791475514333
93,-5.387167255089292,-7.933483123779297,23.954445151965253,-3.745390399595597
94,-16.743943309231362,-11.980565071105957,-33.74400488874123,13.474969483630504
95,-4.72711620551431,4.358098983764648,21.788073217330435,-7.564915486292624
96,-7.808866492762725,3.7477645874023438,5.303318723106239,-9.634240532329573
97,-4.250972516462724,-8.311580657958984,14.746366936585206,-5.169614682740887
98,5.509177075311129,-2.7634975910186768,2.539230067295767,-4.705136368629684
99,0.6439873756423822,4.063653945922852,1.49132879527136,-0.3615490898389937
100,9.853166304682286,-10.22730827331543,19.780067637019393,-23.45930838597256
101,-6.012832209900466,-2.2517337799072266,2.5499302597722946,-6.63952246174691
102,3.7826654535125854,2.940234661102295,-22.467046978169307,7.132311503068801
103,5.129770751571911,0.9313011169433594,-5.366991968875932,14.448108163894705
104,4.455380640741893,-3.782721519470215,12.209027445819018,-0.4786259282441692
105,2.7751186099291196,-9.965496063232422,35.248928459347425,-7.55571324502294
106,13.604863799969333,-11.677265167236328,-8.103817368379714,39.437438325960244
107,9.55951801396763,-2.038749933242798,-3.0090596451094,43.90511121127718
108,2.1263193369851763,1.2211229801177979,-4.655253109818373,35.97498051988106
109,18.706837108536426,-13.69198989868164,-15.76260055547851,30.762692857945343
110,19.17882955462427,14.840102195739746,-28.2693406170077,17.964758141012666
111,7.410948736207253,4.583004951477051,-5.682698891967987,21.698971628235487
112,19.619002838598952,5.943938255310059,-32.43026602122992,11.042523919185633
113,-29.82905557524995,-16.287748336791992,-34.82371363777988,25.729258517160456
114,32.23414766345019,-14.349863052368164,-32.98311820436353,18.507322733822715
115,17.042010086351976,-1.24399733543396,20.81700636850194,-21.244430893476796
116,2.7091647097489293,-9.026290893554688,19.484190768684016,-6.71407957672799
117,-1.6838007729724112,-18.23531723022461,-2.357517071359277,29.20127809635757
118,-15.281877567974902,-18.339767456054688,-8.08774725913554,51.84839999540823
119,2.014997385384895,-16.454322814941406,-40.81279633444482,18.445103878612763
120,-1.3383472450042806,20.154932022094727,-27.31785817122834,24.649869431776075
121,8.211497019173038,-26.207286834716797,-21.848214858942047,32.245471703433054
122,5.134086730633687,7.359994888305664,-17.491897021007567,31.003412579970853
123,-0.5520918354031892,1.713775396347046,5.753813558902544,-1.651106702812739
124,-3.701254553523569,7.438485145568848,3.2411683935138664,-37.34175311666028
125,-10.62791099452011,-5.219586372375488,-35.69864356225372,19.916054847304977
126,-1.0026583846627197,-7.235389709472656,23.294475149800164,-14.381633251503663
127,1.951885928714674,5.777810096740723,-27.261610015145617,7.628514167562847
128,-26.15611245747327,-3.9127471446990967,-40.18242179303832,8.828100227952623
129,-5.108769800499552,3.217524290084839,17.148908963029022,-4.667547559029718
130,4.733273907077972,-1.0051203966140747,12.593223082920602,-28.590737282377834
131,0.8308654190932714,-6.9630022048950195,1.3651624784307257,-2.1172377791141663
132,-6.80842524913303,13.936187744140625,0.6473672442387616,-34.003986906602584
133,-6.280056795693163,-5.273508071899414,12.760036446186328,-8.29578077586456
134,0.9364166550854378,14.457149505615234,-11.190144291807421,16.61891724059067
135,-3.78805781200991,-1.409203290939331,1.662539475484205,-7.461265858157914
136,-7.268424228923614,1.2979567050933838,8.933651089510684,-2.355538333265864
137,6.073953905268304,-10.78274917602539,13.63668900827025,-10.768601162075617
138,-23.807777700361818,-3.3775482177734375,-10.059846356253837,34.397642398938274
139,-17.92026915544202,-7.879398822784424,-23.5452409438423,9.994095044422023
140,7.147870690587112,-4.183661460876465,-27.161505357586357,11.147183472774477
141,-9.37565973933858,-9.892830848693848,-2.7740254250480145,34.674380437429164
142,2.839732573952837,-0.4232058525085449,-7.3591802208304,43.25691977433622
143,-1.7044236295467527,-5.789679050445557,2.473228276850028,-12.882425752465885
144,14.481052854276747,2.808218479156494,29.781338697178597,-3.5240387404684226
145,-16.001828959713272,14.470623016357422,3.2383556402543143,-31.537015924566703
146,-0.7238633458481232,2.248507499694824,9.375620784694297,-5.020257686274688
147,3.1998529699103777,-23.99939727783203,-28.962711644890714,14.004064110876477
148,6.84540695899323,14.94066333770752,-26.15557306932198,13.708097202067762
149,2.6970554782352565,17.72726058959961,-21.145926701791534,8.167230834223057
150,4.292152568497428,20.37373161315918,-43.793265578829626,8.569784536441729
151,28.34366259240182,18.289962768554688,-34.85591516156418,17.59313979864858
152,10.781999473439441,21.512895584106445,-32.28659695834961,20.21399964419996
153,-23.918446209248273,-6.235511779785156,-10.371843069366099,34.094152008770315
154,1.3337281835067856,5.546194553375244,-0.5080464365220471,5.245140677250348
155,11.05756142548572,-20.01026725769043,-8.560181739381092,44.84304576493297
156,-2.162243177886971,6.091030120849609,3.1074678596563747,-31.738750950148415
157,-21.420898083455903,-20.167686462402344,-39.90672270227188,15.087325083214434
158,8.495150211929513,6.467559814453125,-16.27026920275321,7.881717327451614
159,8.383102113969223,-12.510990142822266,-19.18593918594792,3.4654221656376505
160,-6.570968347495862,-13.527212142944336,34.296073694047635,-7.695679865777014
161,-10.192124073549135,-6.522016525268555,7.010794642455512,-24.799193484377295
162,10.27078723957841,11.780439376831055,-6.194991702936669,18.418798191477705
163,-0.42820338573045547,-4.788182258605957,2.6536634032364215,-1.484641081046786
164,-15.165329937830627,-12.376604080200195,-48.89421485638594,6.246521734564415
165,-4.839393487795839,-8.853219985961914,14.081128911483042,-6.804593176780733
166,-2.808351692042269,-6.719313621520996,29.554423235751404,-6.970916898834209
167,15.520753570169376,-0.9241284728050232,32.20667132815833,-7.012338742527472
168,11.400396585034393,-25.384746551513672,-0.5756212621287468,52.85871405301804
169,18.39126717718573,-4.252199172973633,31.099528848792982,-1.8347913879309106
170,-1.6034387478065284,16.29953384399414,-35.422433290207884,3.959404830523335
171,17.692079705024376,8.989221572875977,-39.53121354893496,18.043601232422688
172,1.0840058389532174,-8.744922637939453,22.324042588504785,-4.151789829919481
173,4.242821325811853,-21.23961639404297,-26.629940606644293,23.925307868493036
174,15.409716971361693,-3.130736827850342,12.347457636432921,-16.745707610415433
175,-17.938296274158777,-13.042709350585938,-31.16963898050263,18.173580792652814
176,19.380763407912596,-4.758469104766846,32.079542744352565,-0.8432608120759599
177,2.1194830214179348,18.49757194519043,-5.437685308702582,35.09796387835759
178,3.372636081294054,6.085126876831055,-17.278194061771554,6.739185780010643
179,-13.738809285706985,-11.274991989135742,-40.25310744846256,8.756875836554185
180,-5.4359721065160365,-3.7756805419921875,5.4480704971906615,-16.948512299001774
181,-14.92295350323485,-14.128929138183594,-9.153367369407595,34.16738976982724
182,7.516571375256717,-26.17953872680664,-17.104786007509496,36.806401469720356
183,-3.7015147668694652,1.4849497079849243,2.6689995550646968,-16.337133129665066
184,17.435151100042177,1.6708266735076904,28.242632728092914,-5.131756398691514
185,-2.7089315991762017,-8.029401779174805,-45.3612871287047,13.772219931166479
186,17.291161928293423,-0.8276625275611877,30.85965083757136,-3.908620249902114
187,8.57283691985906,-0.6089640855789185,16.282819820332627,-0.9274092943439519
188,-1.2649982880483037,-11.649137496948242,-13.847576045998531,12.100100154900966
189,-26.295366799545725,24.207202911376953,-61.032087289754735,0.24651509767261004
190,5.294300604819629,20.22698211669922,-29.000558672544926,28.32575528488971
191,-19.15183048143498,-1.695410132408142,-29.82333980346427,8.9510655706014
192,-12.359542439374572,4.880116939544678,10.538780212349893,-24.59624400718813
193,-12.663924940294063,-5.74642276763916,1.2360714512033133,-39.61258219366633
194,7.420673389016628,2.656547784805298,1.6886075266065166,-20.483886356075477
195,7.980521829108252,0.8103374242782593,14.622914427751592,-11.680165397569928
196,5.603151589508407,7.531688213348389,-23.105559782995396,12.329994794526979
197,1.5230490632801406,2.553490400314331,1.4632227179412118,-0.422733335024485
198,1.3031701392582775,-8.362152099609375,0.3554454898605264,-15.241444251628284
199,-29.106138716831303,-8.653061866760254,-8.126721857232011,36.25289736298758
200,2.9091721377988478,2.1637015342712402,21.803895597138414,-6.000225379642989
201,9.417158269709592,-5.732746124267578,-37.06171069578061,14.229534341976146
202,-19.06116076901722,-10.646890640258789,25.165023851031115,-16.56778643451754
203,7.22596992362466,-9.851676940917969,-16.039748201523146,8.125144986279206
204,16.60038836972609,-0.6344591379165649,26.766331923394745,-13.01973264356467
205,-6.926119018057207,16.595537185668945,3.953073048535338,-30.888421013156357
206,-2.44265980845406,-0.18293295800685883,3.0745190397151343,-3.473752692365443
207,3.016002698024785,3.2066383361816406,17.238671025398567,-8.907757932644392
208,-6.476653627725227,-6.050258636474609,22.364270961934515,-5.634307476170836
209,-2.78499656737786,2.8846845626831055,8.277060400474488,-20.558786003254514
210,8.200208653346387,0.931238055229187,-15.203999926583094,7.9325902319507735
211,25.879341578662093,13.02121639251709,-17.428471854030438,33.40592900721977
212,-25.96672782068892,-20.235841751098633,-42.65479369098473,11.471359556933862
213,6.155077447262357,-11.555906295776367,14.92710980641213,-22.443503154280144
214,-1.8042965045007264,-5.0135698318481445,-5.837475861942636,9.730934083096074
215,4.589081414973354,-20.49814224243164,-15.985473990046405,43.201528975484294
216,0.8729742977630686,-12.891305923461914,-33.176013446775286,14.154198766411799
217,25.28652732747591,20.308496475219727,-21.7776481207201,24.661332889628543
218,2.4436290374862644,-2.173661470413208,0.9613516703317173,-4.923525279854637
219,-2.6402244467178733,-6.848971843719482,2.430719251772702,-12.889769475588537
220,20.32739539151241,-1.2732183933258057,33.90792375666225,-5.0138171771789155
221,-5.548387750388208,-11.513687133789062,1.1955861601938846,-39.660383868318895
222,22.208952999277457,-2.407388687133789,4.396350806792352,-39.28339719450131
223,6.232624284349413,-5.120723724365234,16.446989231851056,-25.953190596686674
224,12.292919557666004,-2.6671016216278076,1.1878716735923918,-20.73866037094911
225,6.8943061198006745,6.417296886444092,-7.512952588699477,18.930648715413316
226,-11.3951603896898,8.72571849822998,-28.77648204440346,9.1676157716182
227,-0.43046187965190086,-9.910104751586914,-13.257062909562535,12.667022047666409
228,-0.8592612348461142,-5.193362236022949,29.65047200627271,-5.766261057671088
229,10.714176282532815,17.045578002929688,-0.6312123999697785,47.39623671025176
230,10.443284538508792,2.899691104888916,-22.690981450183465,12.675133090158234
231,13.790631580077836,1.1050524711608887,32.962407779410256,-1.588775810757685
232,3.6458312517011215,-25.992095947265625,-7.636061960689458,46.051594778713586
233,15.995381158449291,7.037661552429199,-31.574286255291373,19.864006706362158
234,-5.509367586926405,-8.902390480041504,5.864566393161471,-25.13878982872259
235,5.175298505106717,3.3526926040649414,-8.722247340451164,8.266024448376694
236,-5.655982192326469,-8.281814575195312,16.917962046300616,-3.9937748345009108
237,9.464749065207421,0.16379906237125397,-15.516996167167004,17.571421774995077
238,-14.22021605420093,7.653919219970703,-28.462300388353675,30.922288006891716
239,2.7787544785839913,-24.4682674407959,-35.89489136649814,6.846668010440613
240,2.160520721958349,-1.3949965238571167,1.9840783962865054,-4.2116104627552335
241,-1.4991073551395502,-0.9632974863052368,0.2747646032272934,-2.6965152205227847
242,22.536219099325734,-1.3203294277191162,5.731898951627735,-37.91762307896583
243,2.641197736235995,14.292309761047363,-47.44986650850066,4.247289494180319
244,10.105523778211328,0.6119744777679443,3.787579414416851,-24.83503090120259
245,-8.297737655192705,-8.363967895507812,10.814942831621488,-14.430471184751092
246,-4.3983200847377795,-3.492070436477661,5.185954886768404,-33.113001515513574
247,5.031248085036438,-8.093977928161621,0.24933725342507737,-16.24163548305992
248,0.4983659268080274,0.6525043249130249,-1.2337817912089935,4.184962734689022
249,19.478703256676724,0.5205108523368835,-31.95930054355542,4.955014535085472
250,15.40112429805136,-0.5168343186378479,27.9783079054078,-11.729206682798555
251,-5.243928365264175,16.15909194946289,-5.024670313885397,42.09512461615378
252,17.95999700660626,2.614039421081543,-13.29370561683723,42.9808202404629
253,-19.120754176821094,-1.4797708988189697,-16.324197121508064,28.284254918704416
254,-25.204830269938036,-19.84760093688965,-8.487247901187551,51.49562876875439
255,8.069536887895893,8.695623397827148,-8.599272493808373,32.14558213484589
256,4.83227056549913,1.0878585577011108,-21.646010334535685,20.00057663423832
257,-1.7011983491630502,3.045076847076416,5.519319333135714,-2.896303705447666
258,-1.3598833356257085,22.366130828857422,-0.33696276456527724,56.154658917195434
259,2.4369895627574394,8.729602813720703,-9.769280282669731,32.57579802952367
260,-8.091625190986719,12.062850952148438,17.231573543720014,-4.325871798856368
261,5.861827277088707,0.7383724451065063,7.131718169503809,-14.40331365478745
262,-0.5337673418169118,-8.349142074584961,0.12256279404029044,-17.75267819920187
263,-19.394114489643297,-11.564620971679688,-12.198707406636805,25.921864272547058
264,-0.053069035957843624,1.308712363243103,13.168187135266008,-4.471301056666795
265,6.539374062576453,-2.673792839050293,1.2908962115651175,-20.648208733629343
266,-1.5215346757309671,-9.209095001220703,22.841113929270914,-19.46157162238149
267,0.9402042785215414,24.178009033203125,-20.695508783386042,30.260288005007478
268,1.8446569887894455,14.604936599731445,-16.21619706599163,20.184030286059123
269,4.4876360756272184,16.2291259765625,6.597638054710169,-27.717242101568925
270,9.050997352723073,20.331573486328125,-6.054548076355256,21.490111592734397
271,2.315505657353331,-11.877531051635742,4.450592394486266,-33.583604503890975
272,-8.474292023362796,-10.495845794677734,21.03407002285496,-9.428419451852172
273,9.98352979763348,-4.483232021331787,-25.333481154210638,29.24925638599857
274,-15.070552540207899,-7.767897129058838,-18.311166679083637,15.416293799040254
275,-0.04039251358340579,-7.679940700531006,6.4564297056905335,-7.413449506495031
276,-18.446268947611003,-4.036433696746826,-24.058480238773683,9.475415618732848
277,4.871388771771077,-9.218116760253906,6.3634656343347995,-29.904631248408673
278,-31.475063683293428,5.523926734924316,-38.79811350130664,16.755931402577225
279,6.472580156608316,1.999953269958496,-33.85414959460726,5.777681449802203
280,-7.835723566824342,15.088973045349121,-21.666624622304017,17.841635913173082
281,0.023432950189864243,-11.765840530395508,34.394595450388756,-8.441748697397458
282,10.495911727606206,-21.196504592895508,-40.0199761286898,3.373630568295902
283,-22.588830768230324,-9.31441879272461,-34.952999285109534,13.649960609199448
284,17.183915646355675,-0.6575328707695007,32.32747453118997,-6.8662450469716845
285,-0.18271408029363556,-2.4850010871887207,-0.851800401383962,2.103842760201169
286,8.030806163237031,23.95343017578125,-25.081905048193942,14.801478126094477
287,-5.007320136935672,-9.054054260253906,22.680951057082147,-14.15614924362025
288,9.823909190171484,7.279571533203125,-44.62560650090406,11.189325297109303
289,-6.4648491600040465,-2.731435775756836,-22.444337062832332,27.015095841563884
290,-30.31526526197744,0.4858969449996948,-10.093372056673152,34.367748521854054
291,-5.244914128272924,-15.828509330749512,-28.94049966954009,16.808055966393745
292,-3.113005119198281,1.760307788848877,25.940984396188387,-3.5637375899960038
293,-4.105514802772326,-8.935111999511719,19.248154074881736,-1.1761230999891923
294,-36.87022261826735,-19.7896728515625,-26.10200355785538,34.294409883096655
295,-4.991421438177636,-11.00572395324707,37.956542362797656,-4.7749289577352565
296,3.16905607143363,-17.087390899658203,-13.997162290106694,33.65745577677539
297,2.22515457761855,-13.189157485961914,25.039100610936178,-9.511471578234765
298,14.397090385179055,-0.7509507536888123,32.59191431506385,-6.566299511003186
299,-5.169376400215345,-9.203733444213867,17.913013842552456,-12.59489738998561
300,-4.362321910626761,-7.884889602661133,4.810895085149142,-6.063454777120317
301,9.0826522845414,23.38534927368164,-35.271124857779995,19.128622903463967
302,19.63279971866028,-18.66503143310547,-12.949122538811475,34.69734472486408
303,-6.964667412365202,-8.33030891418457,13.57743513996342,-17.123320869457814
304,13.614538770017031,17.20440101623535,-26.84295817568461,24.372066388550365
305,-4.279878092227769,3.1149487495422363,10.337105643334388,-4.3630445854961035
306,0.3095475832567516,-2.0314533710479736,-5.833144113583382,9.375531690280596
307,6.862935610175203,-9.479643821716309,24.057566167398203,-2.4737273259602257
308,-4.604443607109044,-8.892475128173828,8.64079063014719,-16.62728418280199
309,-12.202715968063412,-20.19329071044922,-24.1707534262969,29.77266477129811
310,-13.745137965138554,-7.233946323394775,-8.385581886684497,29.636410376647785
311,17.178094973458528,-25.59173583984375,-7.235515073408072,46.45416851947264
312,3.49491092011667,-0.016928181052207947,16.599049004527036,-0.51970346955973
313,-6.75786200342711,-8.60319995880127,9.374386419930499,-29.263211896612173
314,-31.850337633054828,14.617770195007324,-58.2659336382495,2.8118597084342203
315,2.3511004970971285,-15.575431823730469,-10.811404063763058,21.201794630311895
316,0.9343436495114403,-4.139857769012451,1.4952368684713189,-0.33219307716118246
317,-10.545260602939088,-10.334661483764648,-12.128164778120162,25.249043574440734
318,-3.0987303770775245,6.069034576416016,11.851270176464807,-28.42126782463632
319,4.835664312424726,-14.78973388671875,-6.135063803563846,35.43853420775926
320,2.691264846335475,-8.6876859664917,20.99341508207544,-5.261362250692968
321,4.179844631197575,1.260259747505188,3.1508916982561668,-25.425555477499103
322,9.971271043293868,-3.5828793048858643,10.503000280065267,-1.4670566831413223
323,-4.337542882662216,-9.685571670532227,8.02351121531172,-25.29899726060318
324,-9.989806830843897,-6.345614910125732,-6.552842775800542,31.01749318274471
325,2.6402670922768294,16.687679290771484,-20.16549030430469,9.335327578208727
326,-1.9742564452993676,0.8731932640075684,2.1790329670799915,-4.2008840699935845
327,-24.588902656258824,-8.116467475891113,-32.659419157160485,16.65173655108296
328,8.577786859221526,-24.69153594970703,-1.0760958150019297,52.200189812725846
329,-0.24740587238601108,-3.483851432800293,0.9094157297945297,-1.5300871524104713
330,-4.01557695025117,3.0554728507995605,3.777362301219963,-14.60982646333311
331,0.7358430948608827,6.249612808227539,20.540273350307263,-6.951229488443
332,-1.777653167619114,-6.259890079498291,-5.9218883609023445,9.691875167951931
333,14.860202160540204,1.2671480178833008,25.071090029787722,-8.43843337456107
334,16.794368393770327,3.4731245040893555,29.689412541113466,-3.619604012943703
335,-0.05326914197114263,6.555473804473877,1.0262681408683372,-1.3312124255112308
336,-15.633836082484887,-8.008999824523926,16.89040217565525,-18.43211527502762
337,-5.660191315617972,-9.847566604614258,-20.29866648890923,15.878574841287866
338,17.298001138038284,1.6750860214233398,-12.505753018501595,31.98746086887339
339,2.847034799500129,-4.6267805099487305,1.9941357940744708,-1.7094111782506576
340,5.832534278337132,-9.683856964111328,12.885493278345402,-20.088782082773825
341,-8.384133957101557,-9.410762786865234,1.8910213869892256,-39.118659297316405
342,-0.7534727760782545,-0.3530585765838623,0.47785602121303516,-8.06117432115749
343,6.470591099442061,3.430156946182251,-8.481289025841997,18.163584403934486
344,-0.6180921624402629,-17.219789505004883,-6.94383413576407,24.848482466202437
345,-7.889420973907747,-9.40128231048584,-21.416001130410844,23.33005226567969
346,-20.45614916589535,-11.627786636352539,-18.511147687116207,19.827672182554668
347,4.207251169466566,2.0938830375671387,7.746788935183095,-9.143774347758274
348,9.25905267337103,19.712387084960938,-12.900819661996973,33.709391759256164
349,12.66640172479623,1.9850094318389893,-31.991658038193084,4.9025463223253904
350,-13.410959033554164,18.42046356201172,-26.94613862431884,10.931721262924615
351,10.707108626506297,6.674188137054443,-10.723398952999277,13.692029687245114
352,-19.1023996680774,1.1480768918991089,-32.98563492281762,22.684225913363168
353,1.1467869879565171,-0.9074742197990417,9.137562246016643,-4.075463675333798
354,6.529576165130937,-10.741336822509766,24.09709141373228,-2.4442377178703105
355,17.552009002577087,-0.4708179235458374,33.33323374031102,-3.666242202668601
356,16.750520587679315,4.610215187072754,-2.7813056657688096,44.306275906347054
357,-3.9286829071923215,10.019119262695312,-5.277138108576342,41.862313556906315
358,12.385766717550212,-0.6127325296401978,25.368310211203866,-14.453854444751501
359,-1.2668465617822768,-1.6302242279052734,13.750928237981107,-10.595927614267753
360,-5.8648362395544495,-6.636153221130371,13.47764394279179,-7.417583135827792
361,-4.124685524121088,-24.891189575195312,-8.21084745757873,45.56552344589224
362,0.3876115080570983,2.3078746795654297,-5.115495528763661,13.479041115273889
363,-2.851281512923668,-20.478130340576172,-16.40298206974116,42.78433565479166
364,3.611242467170541,-21.988014221191406,-34.13217947862674,8.74411218821024
365,-30.486998928271593,1.760462999343872,-10.260303532927603,34.2035610914486
366,-9.412463606479285,10.583765029907227,17.978494657456384,-4.223444976691537
367,11.614707524138943,-20.05905532836914,-17.75600748823659,40.413668268462146
368,-3.249027952046525,-8.315407752990723,11.185651902718325,-14.21639116091658
369,0.2794856729077182,4.410699844360352,28.152786912918423,-1.4844401862203596
370,-0.8796276210704406,-7.288701057434082,3.76634289876668,-1.2856911482367266
371,0.20717214279813234,-24.554550170898438,-23.696229973285224,30.33258256428699
372,3.2550950942600316,-0.6333284974098206,6.49391456748663,-14.990213114006737
373,-0.3998032760788135,-7.868889331817627,7.197671318470766,-9.539558244890287
374,-7.14615902681485,-4.836552143096924,-10.676493867572493,12.654840687465388
375,5.662218231374801,-9.463475227355957,19.67354870094811,-6.521061430191768
376,-10.59450976197907,-10.922311782836914,22.91365516272404,-13.82812967360997
377,11.873278647566785,-16.207448959350586,-30.896039888245912,10.985229752874485
378,15.051886835264398,-4.619711399078369,24.69346811225361,-13.943909889071398
379,-2.6589896477347708,-6.919325351715088,-24.893363407633824,3.0102665963495623
380,5.405202647388023,13.252897262573242,-5.931152901836649,21.556592840865207
381,8.81134855397831,-23.26012420654297,-37.01180022623087,5.76797534769379
382,21.410458232139266,-1.2342360019683838,30.865878385459474,-7.949345893758482
383,1.8819547336907334,-7.234500885009766,0.9819926484470084,-14.552854210404304
384,9.635241584723744,-9.61512565612793,2.0877719033486084,-35.766991734246886
385,-8.144234535027746,-12.472196578979492,-34.34866797693686,12.975178369758424
386,-4.99124669507583,-3.6537699699401855,4.325302885912873,-9.6092310156968
387,2.0138735585124863,-6.484936237335205,-18.538987692587526,5.4130986252536175
388,-29.527004291721248,-17.34008026123047,-34.8720590434348,25.675525267442524
389,-5.282513856148629,-7.173796653747559,18.642485050670693,-11.854802364378813
390,0.4850618246726768,15.187813758850098,19.105995277311624,-4.0270934323802
391,-6.2996138448541465,-7.2836503982543945,17.553904612755545,-7.50387112070254
392,-15.751987849121894,-12.778120040893555,-42.158667976466326,18.01543270650147
393,10.814598649831094,-18.91016387939453,-28.01629094873802,22.2636805234167
394,4.613341486996443,11.949609756469727,-19.97300708605153,30.9683237887497
395,10.09435776868117,20.101465225219727,-31.54310598621686,20.973228544619317
396,9.323346363474464,-16.03243637084961,-22.942199373004513,18.21931371952486
397,13.791508683040362,-11.07358169555664,3.553681458032912,-34.26400117255592
398,11.85856278725814,-2.973243236541748,7.730387014202449,-21.54476433537379
399,11.324037025056075,24.227294921875,-30.66986501935854,20.87730575040411
400,21.05599314149667,-25.329631805419922,-8.002695396910473,45.76393394502278
401,-24.798941830242157,-1.0243436098098755,-11.4676268062949,33.030775772745294
402,16.727971158591025,-17.658361434936523,-29.994963511209786,27.90453341881194
403,-8.72957572157857,-10.752306938171387,-22.240698812975094,22.347871337048606
404,-3.235540965145397,-9.335039138793945,17.530198645508992,-3.294985614093117
405,-4.087765007754433,-12.258243560791016,24.633617477035454,-16.03146044484102
406,-10.122143603241692,12.180501937866211,5.9236226974111155,-25.074574339871905
407,8.3429741426935,-0.825420618057251,16.66231110864647,-0.6904082145314191
408,1.909497470904988,-2.2225208282470703,0.9313885193246974,-4.9627377672687185
409,-5.374765366928035,-9.547691345214844,9.776647495637137,-22.708588910112095
410,-17.706307159546913,-7.8951416015625,-44.68411155488515,10.6363371062509
411,13.682190152561535,8.20423698425293,-26.594624200904388,18.160771346144877
412,0.5447561366829063,-14.630449295043945,-4.370630652194098,27.30796080310362
413,-6.596902279802741,-8.872233390808105,18.37754987633476,-7.626680063228123
414,-2.680119465367163,5.501331329345703,2.5060012060141403,-9.187658127191515
415,-24.591155487673287,-6.597827911376953,-12.211365671010375,26.081721848720143
416,-7.699681573985295,-11.245580673217773,-6.2674264548442915,30.67976060648755
417,-15.385999768937467,12.801000595092773,-58.75415973132479,1.5815531839444283
418,-0.6946398080191756,0.6237763166427612,1.2012551522789183,-2.067805516911055
419,8.366759589751965,-26.048677444458008,-1.135756582066153,52.18538830052115
420,2.4144200830546936,-2.3280367851257324,17.07844644114365,-3.7773944845848924
421,9.260005655396505,-20.571481704711914,-14.525694966465922,31.157493879147168
422,-3.43846592575224,-4.009135723114014,-1.9411572744541223,4.794166696913785
423,1.9248330378778817,-0.25813865661621094,-0.5056276046336048,5.244656819746241
424,-19.123719302346007,-14.457399368286133,-6.157397185088454,53.26279529538244
425,-2.2029574502372675,-9.24235725402832,22.167710472436024,-7.3109541478938205
426,-6.518128927204298,-8.83003044128418,6.777036026006978,-33.847167638586846
427,-14.625099845346961,-13.818359375,39.36084314547348,-2.9645880364436374
428,-6.169477953985329,2.937140464782715,-4.8757159019369585,23.725606370611636
429,-7.522810035406469,-10.025459289550781,6.159371944501551,-17.961353881996896
430,17.266521524541265,-4.640169143676758,32.90449813990668,-0.1093880365682212
431,14.615116920847576,-9.656068801879883,-31.430128417610735,21.08823368286012
432,9.656233988995897,19.111000061035156,-26.83985462103389,19.737729728314342
433,-19.800143455189406,-19.182308197021484,-12.964980637643123,47.205271253358276
434,-3.28352604572553,-7.162245750427246,-6.333014407494709,31.629636406546346
435,6.680645994417276,-14.753059387207031,-5.740725166780835,25.861029128684713
436,-5.998328294256989,-6.061906337738037,13.875340797344794,-17.40176006316589
437,0.8607889653520697,-11.191486358642578,10.06453174471709,-28.12115740561413
438,5.65726587943432,1.6407954692840576,3.3160192555008523,-25.272352315655354
439,10.929656741547241,-8.719996452331543,3.4027379159208015,-34.5857350948865
440,2.491344006859592,-8.058749198913574,-30.975292452080303,7.186633204632677
441,4.176523752512658,-9.064769744873047,-20.477713391399213,17.305206496835517
442,-3.967542934028664,9.258003234863281,18.033204970790262,-5.049101723370532
443,13.057402372530252,-21.06959342956543,-25.26377713913869,17.835239967352177
444,-6.79809174364515,-9.700220108032227,1.4037751412755857,-39.39602192340439
445,8.849940942331003,-8.209548950195312,10.166126167198184,-29.887636644735082
446,-10.461887835766404,-8.806986808776855,-6.542014168730201,31.039752169821778
447,4.114237075329086,21.81725311279297,-29.642359782748567,16.41731718355525
448,8.561008657301286,-2.530653476715088,-22.40259192487953,31.461700799186467
449,5.592587541689163,3.5732805728912354,-5.578682924766861,21.739686870237136
450,-19.17187575405418,-11.983490943908691,-30.296333504341852,19.065628086295703
451,-16.51671969172384,-12.383440017700195,-34.027202681913955,13.817558227998896
452,0.0005747401030689048,6.398808002471924,2.8769924899887087,-6.996538272891236
453,11.933655322275563,8.232162475585938,-22.67291964451853,17.31461131118128
454,-2.889069529509513,-6.7381696701049805,-14.990316079108286,10.623612508943072
455,2.886996077260571,-10.982303619384766,2.017306667676102,-35.82745486353826
456,3.940165386700638,-22.91197395324707,-31.66482305552713,11.104697980291423
457,-0.10550490261424272,-3.212045192718506,-1.0684613744027947,3.1617017520376596
458,-11.77694320103087,-13.183379173278809,34.00685750069878,-8.087745951446482
459,1.6229011374939404,16.864208221435547,-20.46443963097457,23.018194455124995
460,3.1000163573613193,7.168744087219238,-23.510304413080835,8.309361010009074
461,4.128225276300366,0.6149711012840271,21.97801685584026,-11.00293762482303
462,19.874620800875114,-1.2605254650115967,30.85652667588698,-2.0696784758947633
463,-28.507237351502795,-1.7948551177978516,-10.380239192195521,34.086836815310946
464,15.995172638973123,4.419729232788086,-4.472365811317942,42.34649107526296
465,-4.941183291102725,5.562376976013184,-13.024514158170641,29.437978977279432
466,9.08766385833006,3.852588653564453,-29.774812496150183,9.99442239204646
467,8.120639494201875,-7.15803861618042,-17.401657527975548,4.022543840757554
468,-19.306125641243874,0.6966891288757324,-29.625261881030553,19.75122984647843
469,-4.144720464246964,-12.013984680175781,30.190606112036903,-6.307000476635483
470,2.2742380724768125,-7.045284271240234,1.1387068097106856,-15.50963189820357
471,-13.68355822629973,-13.293111801147461,-38.3877162067666,17.17425721121329
472,-0.15776634748377916,14.503580093383789,4.059975573186123,-30.632554264122533
473,-46.864570995888855,18.08056640625,-48.22759879864057,12.57471972815675
474,-6.954779348555215,-9.896890640258789,6.715880396960896,-32.75330346721783
475,5.504659390282971,-12.637758255004883,-18.935790519608066,36.053060660846505
476,-2.024411074413184,-12.748929977416992,34.11536089407728,-8.755919534011847
477,7.017515687808093,1.6950106620788574,-25.182901678687898,7.59739677985131
478,-1.7172015936731206,3.3904058933258057,7.215875741645575,-24.824569605447763
479,8.534406546856701,6.564707279205322,-17.291213770564607,15.925446589895293
480,10.461819246154679,12.550622940063477,-40.0295587372208,10.617742741995379
481,2.5655406436248924,-6.194851398468018,-31.285367473213576,8.427486889418102
482,1.1654063046812055,0.8861408233642578,6.35725551044849,-28.58892474900781
483,-2.862346214772863,-0.1880122274160385,3.0511971437246994,-11.539714262923278
484,2.494246396968716,-10.654909133911133,10.825318639882251,-22.335813709925358
485,10.648435668065396,17.423439025878906,-41.25968062936575,16.369723572977872
486,-30.153410877303212,17.55893325805664,-61.02910330077867,0.24496235131179125
487,5.483153518838238,19.743507385253906,-23.085835670391155,34.1357708694615
488,-11.980762493326806,-19.899206161499023,-7.1762778423556615,52.78152041742145
489,6.149983934628423,-4.816989898681641,-4.151100691799987,36.51600584221849
490,4.1827381488108415,2.350987434387207,-20.80733868393261,9.042792178950823
491,6.622453800554698,0.7581771612167358,3.2162745753973394,-37.36755452784352
492,-16.198345768462765,2.228217363357544,-13.461597425442195,24.865711187114403
493,-0.6455522296865688,-0.744452178478241,10.362256931845167,-21.645815377599593
494,-1.1291724561716556,24.782915115356445,-13.970523636307075,36.796556954657646
495,19.63858071956851,0.05825282633304596,32.0829221792486,-1.0553135584584443
496,-0.040821995775012,-4.72634744644165,0.8622184530019177,-8.846559158027505
497,-4.029475929934431,14.131060600280762,22.585188078647874,-0.8957567038919814
498,3.828236012737243,1.9925737380981445,-18.81980352634624,12.24294222359004
499,15.370550584105555,18.91564178466797,-40.736499925362146,16.89469780620363
500,-0.8483146628664002,-2.872875213623047,-21.706275744944158,15.311307073674689
501,16.095465821760044,16.636537551879883,-42.41755151780089,9.973093896705231
502,-2.2636392670666012,-12.869544982910156,-39.22145364061924,9.840907089685837
503,-1.3633838414618822,-5.090515613555908,-0.8898808062706958,2.035196617031249
504,-3.2176076634845465,3.7688345909118652,25.788610194709435,-3.708367236003913
505,16.339344964720365,-0.573161244392395,26.524628591307142,-14.081178582843805
506,5.362454241044361,-1.0365889072418213,-22.292295095326313,26.7202650105805
507,8.887517397831942,5.830863952636719,-32.61482967499109,19.879327396968087
508,-40.131684542002546,-14.80361557006836,-29.792167463290994,30.668923125669593
509,5.048682534478758,14.612419128417969,-33.01533689717013,6.630480194495482
510,-9.461768791520747,-9.533988952636719,4.672211037765321,-30.19680524532368
511,8.907743191954367,22.11806869506836,-34.2163482686143,9.800149875309646
512,-4.923793281512324,-6.97596549987793,-24.62191286064421,2.90575933562616
513,-49.45377913179124,19.31591033935547,-61.00933538123726,0.2818380525654046
514,0.6597159592716366,-6.412466526031494,-0.8418542709559141,2.110551016809144
515,0.8638240965317259,-24.0364990234375,-36.6313930310652,6.079443580322997
516,9.798871247017466,-6.301913261413574,-16.2254335460575,6.101683012327087
517,-9.304003484486067,-12.285826683044434,9.806433635751947,-29.103829028793744
518,8.257687450246863,-1.1274230480194092,-22.66490749783369,8.227852503362344
519,-11.43583781389285,19.142086029052734,-60.51597058082839,0.781861961763301
520,10.403883846354518,-23.710498809814453,-13.845032430341183,39.759967919620806
521,3.0510099233881007,-4.014756679534912,6.402702412571463,-10.788974329910573
522,-9.010280815045384,-12.34750747680664,21.96286986091814,-5.559751622169019
523,-30.33458490304444,1.5263069868087769,-10.020699684636522,34.43720951836101
524,-17.772819466588572,-11.639425277709961,1.574554712520651,-39.32238831967337
525,-6.463277375126058,-12.971871376037598,32.15351226093476,-9.758482830290921
526,-1.215286194527927,-0.27392899990081787,3.747803452911639,-1.3419650049768341
527,-15.115536725476446,-5.928713798522949,-10.702496947268902,27.43160037856975
528,-2.9330915403832414,12.8154935836792,-5.228168457807297,41.90753481123051
529,-10.665457248423815,-11.241580963134766,33.796844041353225,-8.282816665896382
530,5.019651531800569,5.301491737365723,-3.876062864537153,22.55858788248057
531,-0.3719327948237634,-0.47215330600738525,15.164907936643864,-5.801565426534408
532,5.713130035813208,-2.7320895195007324,-34.42890726846178,7.55342070546427
533,-10.103386921311987,-5.222471237182617,-10.033538970945559,13.905843794312764
534,-6.666071100351559,-8.802631378173828,-29.67661154900496,1.1004579859674952
535,7.5276605366865255,-4.8328776359558105,-26.46618195875802,8.33306399972942
536,0.8126548616709215,-6.454410552978516,3.2380834833331553,-10.97349346521285
537,0.3500310509490916,-7.188605308532715,1.310809375966337,-7.89951649622622
538,12.264976935668635,-1.278897762298584,16.599006463381386,-26.716438160387032
539,4.32462286158173,-9.029054641723633,12.591333599059773,-21.314772039324602
540,-8.132842150348278,15.769170761108398,3.9404304915907673,-30.615474073921856
541,-7.9356019294461575,-6.2447004318237305,-20.914622507601273,6.345364242634481
542,19.081282308522045,3.1541295051574707,-40.31773663592171,11.12983933919621
543,-2.8946703034197014,-7.360902309417725,9.465765862208213,-1.0942485690221837
544,-13.50915115488084,1.5803815126419067,-22.870214501044796,16.55593874765984
545,2.5249831950309556,20.015525817871094,-25.368044677103935,19.52084696762112
546,15.95205903640452,-2.163264274597168,13.293259074611449,-15.37813363366619
547,-1.108087128208501,14.457185745239258,2.8714623592536896,-31.710228972757132
548,17.745440546428902,-2.725468635559082,27.455451421087062,-5.125455329354949
549,5.496679765879854,-1.0799578428268433,-6.047421082944294,21.47257660477998
550,-5.630260922558833,-8.558500289916992,-12.853524128168118,11.762439355873257
551,-5.056918130174751,-16.5721435546875,10.348656825839285,-29.021285875246832
552,1.715769028368392,8.475759506225586,-5.84684816073485,21.60059170982938
553,11.673997913470775,-10.355520248413086,24.173494544253266,-2.387166172874922
554,-12.160341305595804,-15.1124849319458,-39.22121477004847,9.837663262912304
555,10.504233903748545,-26.10739517211914,-8.653160435046676,45.06320790551662
556,0.49672114387168875,0.609553337097168,0.12244796029348458,-1.9949444833258458
557,0.9342382930280237,12.377092361450195,-4.164039670791081,36.47715834371582
558,3.4363970267620942,2.569532871246338,-2.156554745421687,14.777677178179369
559,-1.8236207541560034,4.061990737915039,-24.162604585455508,25.037474393524022
560,-7.114272806765683,-2.7008986473083496,2.6632687543824822,-12.63150618776029
561,-1.5565123053347634,-3.360253095626831,-22.19864198890538,7.156548880917474
562,27.093118373545366,17.44821548461914,-31.908735092117983,20.59997807286756
563,7.558673907182971,21.124855041503906,-37.19346000935495,14.155745968875825
564,-4.830209027745518,10.009777069091797,18.387642906606946,-4.246214160760164
565,-1.0883765187851289,-13.387712478637695,-39.248185598182644,9.810664264452294
566,-33.94775134865604,-12.713827133178711,-12.588777298224153,47.57393595840305
567,-6.5941388280984725,1.2627382278442383,1.9896161957181175,-16.554935081592454
568,11.426635888797172,-0.7994441390037537,19.22094493275658,-20.85409458590912
569,-4.108390419146971,-6.570329666137695,-12.197917051437239,11.565865037313728
570,-1.7195164982248343,2.130242109298706,10.536079297162146,-5.532764637249155
571,-16.465859386095328,-9.597064018249512,16.41233359278595,-25.0684025658555
572,11.696241274002261,-4.952300071716309,1.4194246298194204,-20.491228545847772
573,-7.7976648888570566,-11.282974243164062,8.328661081891354,-25.200119333852875
574,7.621989537456276,-11.261993408203125,24.09109974721317,-3.9763102364858907
575,-14.756295792048814,4.986535549163818,-58.81006556625109,1.4239207914638126
576,-5.511957572965777,1.9691917896270752,6.824028355082351,-10.06282538158354
577,-8.219063451278622,7.73435115814209,16.377403255368268,-18.930121095741235
578,3.634554593990977,-13.682583808898926,-11.020254279942648,20.99846063520708
579,-14.232590384154756,-11.62175178527832,35.133259602556215,-7.013055271216716
580,0.3581498066300064,-1.8042144775390625,12.97274996515965,-9.477438209894473
581,17.782349615575047,-0.20209406316280365,31.02852330286297,-3.775774684180851
582,-8.723642235445245,-17.937803268432617,-7.896691363937119,51.49432038277652
583,14.670411996227202,-3.1661534309387207,13.521900792027038,-13.976542228193123
584,14.328182422853917,-0.5109439492225647,28.192984782522327,-11.538212127389437
585,-2.98297788343622,2.31438946723938,6.957774025246045,-0.6330229218385464
586,-4.796976331844476,22.175800323486328,-27.729912559427557,17.017261538282483
587,-0.23613552539615057,-4.658754825592041,-5.954245804661858,9.413171469585464
588,-2.8501246634518793,-6.119999885559082,13.822521425714305,-17.51602889232019
589,1.7850043084059593,0.5381260514259338,1.4338405512577064,-0.4404301593975313
590,11.480412089376287,3.0977330207824707,-16.429701518433237,37.3299049064553
591,0.5134385382440314,1.775465488433838,-0.9106117096904034,4.489788873113188
592,-5.63577398395887,3.442430019378662,3.5992271506233027,-14.594758873945224
593,-22.329008569530618,-9.445234298706055,-30.898304502264192,18.450686590272923
594,-2.6432922610112044,7.236138820648193,-15.56147709937155,16.08135685679651
595,6.079767411961296,2.421355724334717,26.410238553697475,-2.356700074545631
596,0.27113492873493605,-19.86082649230957,-25.07034316685546,33.91077554989169
597,10.193120368316578,8.294988632202148,-11.943416482981096,35.983006650771365
598,-4.0637840225044926,-6.590527534484863,-14.410258636998682,10.636628108203764
599,-15.652922185907755,12.430899620056152,7.564700435407458,-27.3965726303977
600,3.7945018854292947,-9.838977813720703,19.46476393110694,-8.518729190288383
601,5.39107439434073,-4.91250467300415,-45.286336219837004,6.34817033778618
602,9.04346128852946,24.193599700927734,-18.28397681956057,28.163103590412515
603,1.6905469313772485,5.090712070465088,-4.7046388482401,17.31429072540074
604,2.3075061081109105,-0.5998144149780273,16.449605667762757,-0.976985762632579
605,-0.00018901453567110593,14.729796409606934,2.5417595543506972,-32.24712975048649
606,4.104621007553817,-4.034273147583008,7.948438859087248,-2.576682841377924
607,-16.84103127856253,-5.214600563049316,40.15233846388445,-2.2003648670367615
608,-34.89099896699451,18.851852416992188,-37.209110028746316,23.385399129247794
609,-5.054487879671832,-8.443533897399902,6.808076753457667,-3.677689954353802
610,11.399364540929412,-6.558868408203125,-16.3412681028589,9.769002303820049
611,-0.16695931771284478,-8.727350234985352,20.069025948922224,-5.927186581975442
612,-1.2419987467863223,6.969785690307617,1.4435876074455252,-0.46533628849127434
613,-10.304504173419502,15.415217399597168,1.299730219896506,-33.449719597618255
614,-37.06528472153471,3.3877816200256348,-10.90498061300362,33.5797719105461
615,2.5690485468983084,0.7905569076538086,22.686399008444212,-19.596605343320494
616,4.876151686891301,-0.9173542857170105,15.148196380611976,-2.077126395091667
617,-0.06505615263417752,3.486537456512451,1.0016255826485818,-1.377068141968314
618,-1.5102493554636212,1.2554800510406494,1.9876517929156063,-4.295249309235552
619,5.377510351375186,-2.773237705230713,-0.7176247095640587,10.513788937132874
620,14.831576856360826,0.23331035673618317,20.61531791409991,-20.51527474586287
621,1.0454949946383252,-0.640893280506134,-0.8526297947120955,1.9507922001903424
622,3.558010999239677,-0.33633530139923096,15.178449264584273,-1.8040069618368229
623,-11.678442524226728,-1.7328239679336548,6.079699977095893,-28.38383110728551
624,-3.342204469686912,0.702939510345459,7.747433214496248,-26.75635837514738
625,-5.794890341236677,-1.169035792350769,24.57661567864614,-4.392407598227294
626,-15.238609955558893,-19.706729888916016,-4.336708752673845,55.42329258449272
627,17.760022354119087,-0.6236158609390259,6.134229495916794,-37.49373904892638
628,-2.6928326187442266,16.165403366088867,4.130708030231475,-30.760204802266696
629,8.342500706332459,0.17531873285770416,18.324463942776788,-21.77645050257057
630,-2.42837666444046,7.3109564781188965,24.195830359794254,-4.3462813839506005
631,13.220613017572035,-3.2743592262268066,26.64728610630133,-13.706148678051058
632,-1.2141993026708278,-8.373594284057617,17.5728207978461,-3.24960080310604
633,0.9881134039829504,-0.3275183439254761,-1.1660770705931434,2.2282416537369407
634,22.324437228421253,-0.8993434309959412,9.768324243012978,-33.72610453419779
635,5.756134237778493,17.501728057861328,-27.76273481607706,29.412186743563563
636,-5.21878219152482,-13.666192054748535,6.94816743960992,-30.389538577064013
637,1.373503244742306,-10.475454330444336,14.199569536744315,-27.642589857110213
638,4.40709904107193,-9.816640853881836,-11.328030274913267,20.075868333404014
639,6.934318782423723,-0.9075543880462646,15.101431260200146,-1.9023609868251108
640,3.3406752048223183,-11.854080200195312,-13.562797903230473,23.512315460831367
641,14.091381497071506,-4.129146099090576,5.813262144920516,-21.9870647428479
642,7.271362704916346,23.305171966552734,-30.009371295717948,27.403823522391697
643,1.8345444461403488,20.62579917907715,-31.66815535353672,20.273759162590665
644,-17.494333698915284,-5.003004550933838,-28.52699801955168,4.724741593097566
645,0.10468424055839876,3.58672833442688,12.718785233889989,-16.274013421209624
646,3.435903030834467,0.23498018085956573,13.219029886486108,-5.685964809871819
647,5.62487113198269,-11.385944366455078,16.559374497365262,-9.643849126865161
648,-6.406342113112206,-11.092545509338379,27.974175490811035,-7.734832427008282
649,7.237189999857197,1.5588257312774658,8.214747996560527,-12.357349884576896
650,5.8186216305746505,-5.535315990447998,9.687320512876967,-1.0424994673242631
651,2.8212426675054267,14.039278984069824,20.63382072071033,-2.738049210223914
652,5.152882579176115,13.082539558410645,-16.05402343842097,18.280801116507003
653,-12.529462107196093,4.502194881439209,1.1736389889803953,-39.669910378393595
654,-10.330713441418265,-10.435951232910156,18.982506670421294,-7.176732185984022
655,-8.056571647313042,-11.095991134643555,-24.54973388849131,12.816325378185775
656,-3.589271111433579,-6.349520683288574,14.702699761124371,-11.282676505606407
657,-28.900042397594778,-4.151474952697754,-10.427753877901814,34.04163907350537
658,-11.412948389428339,2.307034969329834,1.445154017365497,-38.39511883066396
659,-37.714428264880425,-3.8757596015930176,-10.920936577997116,49.111730267332504
660,8.458159882902109,-19.498559951782227,-4.274415641607485,27.398087020069664
661,1.7543764188458688,-8.169523239135742,17.599482352388325,-3.220682558563834
662,4.996609921565813,-4.076076984405518,-0.7635718556847126,10.23818805801283
663,17.649119436605034,-3.328643798828125,-4.005555571017755,42.861406662972264
664,9.631045025529502,0.09670569002628326,-33.67726920798568,5.959283143946534
665,-23.90629009071681,3.9472532272338867,-45.39967969414806,10.00267997761497
666,1.129766457867028,-0.34014642238616943,1.0910694878094442,-4.765610435383857
667,21.586478060053214,-0.18405233323574066,5.134018515954684,-38.52350458685402
668,-2.853953210566951,-20.35883331298828,-9.769534887589998,49.58052270625893
669,15.058802472740876,-0.9545868039131165,3.7961590083223467,-24.392544580854185
670,11.66337502441906,-1.9660626649856567,27.99710727728421,-11.29251005535164
671,-3.7923639397145266,-3.65995717048645,-10.788408897420444,26.393656620659332
672,0.9948813983175491,-1.6675426959991455,19.634155115730756,-5.675186698685408
673,1.5116976119010257,1.0581873655319214,18.80544211285288,-21.283715551194074
674,-2.8738486418196727,-12.386808395385742,36.61924863879865,-5.636624668668045
675,-23.770342599626016,-12.064529418945312,14.690699630972128,-26.977158189015714
676,-6.646991765743536,-10.359357833862305,10.559856467030603,-14.781073436496511
677,1.0961566588141203,5.027665138244629,8.850206020845937,-31.53559091031025
678,0.06883322466190123,15.336942672729492,22.34464377965884,-1.3476744751639502
679,-3.881614814145351,-7.418075084686279,1.7379268230055003,-16.002107282168566
680,6.3773235763138025,-10.87341594696045,3.3374841112218268,-34.58008310043328
681,-19.77083698768924,-13.304464340209961,-8.419789195459163,51.55993338334361
682,-5.812556612281966,-5.744509696960449,16.797794532809974,-4.003039044570427
683,7.991192968489138,-2.281996250152588,19.488430677120558,-23.758272891525515
684,9.880773504455732,-22.845260620117188,-1.1384259024731145,52.176433862737134
685,1.0257175898853035,-1.993849754333496,1.5314911289503856,-0.22418841056260744
686,5.888458008681344,-26.251441955566406,-13.216336111375732,40.5240317524481
687,8.414249736627205,-20.8112850189209,-9.616542834093186,43.88302889798497
688,8.029553675141234,-0.28612178564071655,14.846988859462925,-3.9155982311083943
689,-0.5151383777783618,-11.245756149291992,15.895552152917096,-22.40738091578472
690,5.794488899842385,7.691031455993652,-3.1223832992099534,37.619735537394135
691,-0.8468255756721561,-9.321805953979492,7.393990517330448,-8.202318829010556
692,-0.7518573577550818,-11.74524211883545,13.442306951756224,-23.76929233114775
693,-7.852112169823659,-7.077324867248535,8.290462117488651,-24.956550375431995
694,3.755223359909067,-0.2821664810180664,2.082860161330509,-4.147090484848826
695,14.762117806744307,-3.6363165378570557,-3.9579023290889372,43.08141272488555
696,-1.096911053414253,-7.212086200714111,7.486566537484143,-5.4878083675319305
697,-36.92400068457859,5.722160339355469,-61.01334293268492,0.2838937696218715
698,-18.86538218693322,2.027358055114746,-21.23610035780361,17.304323767395815
699,-2.4007266996543564,-8.639822959899902,-20.772241847848605,5.4705536286685685
700,-12.568134238245957,-8.642925262451172,6.423681094451955,-27.27078672640773
701,9.144869008836459,-0.8045167922973633,-30.357552304696586,7.972355990639952
702,-3.0155687085925393,-4.489727020263672,-3.655492370663962,8.117150968592773
703,-5.849605500013581,-7.961709499359131,-6.493004390970886,31.074626060756565
704,8.212732744278188,-12.265583038330078,-51.2215451502161,0.6797742087551646
705,-0.731605836953392,-20.394733428955078,-15.736262312422587,42.652290826125686
706,-0.06678202257548804,-0.28525638580322266,6.868109083219867,-2.993907770183588
707,-15.640804523193665,-11.199728965759277,-10.701442890406533,26.1778705407424
708,-7.244010446682196,24.39188575744629,-15.364382280996157,41.59325900828945
709,-9.703245016099086,4.192843914031982,23.24693395261197,-6.274344074606399
710,6.660353481388242,-0.3294539451599121,12.672539496509502,-27.576693463950413
711,17.854627633399286,-9.342498779296875,22.648899149198694,-15.925811944601772
712,-11.53560752274193,4.01070499420166,14.621233686441133,-10.052728748717477
713,7.127619299759395,-20.442134857177734,-18.018167322918917,41.1488584579976
714,-1.1726156608501057,-3.137247085571289,0.6232816133354475,-8.846184927463955
715,-3.0049287572266117,-10.423375129699707,22.869620634759308,-13.907294141838088
716,-22.981795677806574,-12.678916931152344,-37.66435413064992,10.902766428269151
717,13.022217854163934,3.058276653289795,32.239508530521654,-3.0486341315034355
718,-2.03011168877509,-12.156601905822754,18.59140244080007,-17.327347749917504
719,-11.271837726857616,-19.993682861328125,-15.565928456490488,43.64449043438452
720,-6.7669664705305514,-11.139322280883789,9.555707578205048,-29.06419578367416
721,10.787108062604421,-0.06035660207271576,19.60833351561217,-20.458922459454044
722,2.4530401986954047,-0.04375086724758148,1.2289548849785623,1.1837243920259775
723,-2.2462325477928644,19.591611862182617,-19.853559734297075,16.48340746968436
724,-0.13080474832075595,-6.846346378326416,0.09387499243823993,-1.3258017754499738
725,-13.62578193115486,-11.802033424377441,22.79899757788063,-18.89310470289946
726,9.300103886506811,1.1174356937408447,-15.716582650469224,7.175173647157423
727,11.264919089650146,4.8924560546875,-4.153878552900746,41.90876040195627
728,22.114945064198622,-3.358689308166504,25.451971071913942,-8.04459301209417
729,16.31785858282398,-18.92213249206543,-38.05114679765519,4.0542777753234285
730,8.935834518992124,-8.948549270629883,-13.78921861403581,7.873848329471393
731,-5.1178082544297645,-0.9617706537246704,24.438328321499224,-2.123375026845448
732,-5.950191553568404,-18.514156341552734,-5.7716474866526175,53.6574049532498
733,-17.4824688615219,5.422933578491211,-27.807403418882185,31.26916605875813
734,27.751843350389585,-14.195064544677734,-34.988072941984676,22.700812740803126
735,6.406723586426903,20.163888931274414,-33.65191507595628,18.821427095979363
736,-17.246378129741153,-12.590084075927734,-25.96596347049921,32.59634910393981
737,-2.1452088521584542,5.260156154632568,24.773616861439,-4.665685408852461
738,11.494758522978252,5.586739540100098,-35.321733692050124,22.13082526823585
739,3.227086995695842,4.239051342010498,-4.121858879079959,15.202357016927659
740,-2.208225509275138,-12.588947296142578,14.610129052998104,-23.925866418003295
741,-1.9990733478949476,-20.145263671875,-8.436441012253898,50.949100687883615
742,14.789189292657898,-19.96844482421875,-24.011151358039942,25.38771418937244
743,11.494899444179538,-11.07768726348877,-25.23284505885928,17.54702209309155
744,-5.076702865670242,-9.424295425415039,-10.206286035928203,33.109232146228614
745,0.6662114659247749,-9.568117141723633,18.352172924187883,-2.2666807662662167
746,14.697663395581806,14.783187866210938,-12.969496971449738,33.68050008061079
747,-17.251525772070508,5.488040924072266,29.065760380435723,-0.8355754278979995
748,9.772236694741693,-19.948205947875977,-23.659602860482817,34.34396971270701
749,0.6362214116316167,0.2456115037202835,-0.4719540694285783,-0.4030733189219458
750,18.936581562927135,-2.9585318565368652,32.241156540716425,-0.7393894157376901
751,-14.793288146127182,9.032501220703125,-48.568460717625825,3.04918402217318
752,-1.6157833538780046,12.607012748718262,19.534635344590924,-3.747218011590855
753,-16.379642331966746,-10.381117820739746,-31.677968318804854,17.654382981641035
754,-14.137148043554207,-19.189495086669922,-9.00278236483926,49.581918981258596
755,-29.748277398815823,-16.134754180908203,-18.848706045403453,41.25828213615578
756,5.736795381853142,-5.233374118804932,-0.8365032762168076,10.505410842741712
757,-2.0986600893576366,-9.701915740966797,32.98546240113987,-3.062321709377494
758,-23.097883948647258,-3.0016987323760986,-14.916059824941577,29.655343617443474
759,-8.982711245850581,13.774301528930664,-25.12430808253335,14.637209013023936
760,-0.36477383510773365,-5.478506565093994,4.774602727606711,-1.4826473512249878
761,13.920666064131137,-5.700444221496582,1.8190397673837022,-20.010762946718785
762,-15.73814443912418,-17.74077033996582,36.130103803539654,-5.988675969975224
763,0.09558141697546318,-1.8302874565124512,6.608471537360386,-10.391752906863951
764,-2.811788955514565,-10.89771556854248,-23.32352078635317,13.444138553127216
765,3.6471633487960666,-12.825597763061523,-34.50318837456781,12.582725686687336
766,-2.8906390306724212,-8.360783576965332,20.055037351773972,-5.982309722807855
767,-0.7181501712934164,-1.507590651512146,1.7722146538676093,-12.87183362733362
768,-8.41563531561112,-4.178131580352783,-7.6957095166041185,13.089463901271667
769,10.774196393744116,11.973716735839844,-39.41621050341996,11.97690139878335
770,18.144849338771703,-2.4103176593780518,9.25654219984147,-34.26194000788868
771,4.97239962560144,3.6857166290283203,-5.948462947598268,11.213344501754937
772,5.665921195551276,-1.9774811267852783,19.941481062643284,-23.29452067422812
773,-2.4062892905742217,21.591514587402344,-16.552660538159476,23.593484162575603
774,6.156173890980874,-6.777628421783447,-8.451860721174675,12.249466360885727
775,-0.7045549738678591,-13.560256958007812,16.999141825798954,-23.26498088757902
776,16.908055293624123,-25.17741584777832,-11.67044985205388,41.885685664294044
777,-4.074643009969201,6.7672882080078125,2.839076042320103,-7.439311476813408
778,-29.21369758826555,17.613386154174805,-48.377551179958665,8.141955150912619
779,8.571818707598261,-9.46715259552002,-17.337167989960122,4.1971606326387585
780,4.415629125816729,9.575879096984863,-49.25590344794327,2.477232937698987
781,8.984813701379341,0.3595689535140991,6.042603511131001,-17.516290092285587
782,3.593050398906854,-25.157180786132812,-35.20845189439422,7.594182568591782
783,-2.5814306333474946,18.143630981445312,-30.52072948964526,20.754814430866613
784,0.9492267255346292,-1.8607611656188965,3.5828263095512956,-2.6882301018464516
785,-4.44848698501799,-11.911184310913086,36.77068180183978,-5.975041294418118
786,10.980352232538227,-10.763351440429688,24.336377135368654,-9.19849019320481
787,5.79035063502873,-13.033824920654297,13.509501474739933,-23.836873756531208
788,14.149971071777955,-20.72136116027832,-37.74835003848572,4.34482740052967
789,-2.2018089887338235,-5.369515895843506,6.109646911688249,-5.284587138355289
790,-6.660149591740286,5.729310989379883,2.450525159329861,-16.487138738671877
791,1.4125991734588723,-7.4916157722473145,15.048802383010647,-7.893048156318486
792,-7.898086106403362,-7.919800281524658,-18.242670917957824,15.486825354033375
793,-33.43664567783534,-19.369659423828125,-8.98260079206166,50.98823738992626
794,-5.857699577836655,7.211300849914551,8.75168131916462,-31.639752122375004
795,1.5403918638847163,20.543659210205078,-0.8773074394580818,55.66274708039193
796,-7.16864012261696,-12.993281364440918,-35.79586428585147,11.340979425245479
797,1.1333172463114636,-9.778440475463867,-30.999298596391792,10.884876388218707
798,-11.587976844295808,-20.261430740356445,-2.1101381696332258,57.40615287328955
799,11.884244282985836,-1.1082861423492432,32.6014977207779,-6.551225009261725
800,17.12733405061381,-2.114478826522827,21.145253292623988,-6.9404238469855635
801,-4.221919414297304,-4.053652763366699,17.313950492249912,-3.526723560390317
802,-22.61541474639531,-19.709903717041016,-9.165169737956015,50.83237531195432
803,5.638594642417381,-5.080465316772461,11.363183617477045,-0.42810868119640966
804,6.070505738820863,-1.166886806488037,-6.817297341445549,10.923393181679902
805,-10.053015794996998,-14.87263011932373,34.78787194980942,-7.22115603676974
806,-3.7195027749806897,-8.15328598022461,6.1650740542490565,-8.85068204205355
807,5.503280423072255,1.4221382141113281,-1.2130765864846642,13.260450465858671
808,13.69689354720763,-13.050084114074707,-28.92355353708369,19.15969365108644
809,9.434908922922396,-23.36905860900879,-23.151359446798395,30.147413541979137
810,-0.04393012591943268,12.191948890686035,-28.389152610316085,30.688605823929983
811,21.19448597699917,-0.711400032043457,33.40291221263109,-5.49987293612441
812,6.724302764377491,2.2611758708953857,18.211325576941427,-21.890015204726563
813,-3.4768648214385784,-10.996910095214844,12.308679382800179,-25.040578312213132
814,-3.9181864314035835,-3.910599708557129,-29.934498194712347,15.003645782782893
815,11.917912830014778,-0.24535022675991058,3.8678316312067054,-24.12109879358602
816,9.597562307058322,-4.64025354385376,-13.91758224936649,38.98658274910202
817,-4.515582344686507,-8.435866355895996,17.79788794102021,-2.2927218829359766
818,1.8839545716141437,-0.28488898277282715,16.48627108607901,-0.9744337533784012
819,-0.006032737630732754,-7.111082077026367,-7.889838683029648,6.985017060142597
820,-3.9737788956684437,-13.247560501098633,13.111790730440358,-24.85168854399586
821,3.429198976877558,-2.267302989959717,12.385131293156913,-8.573497803372028
822,8.024889727513703,-4.841562271118164,11.31013259024659,-0.5389122152251105
823,-5.4920909706223835,-13.3950834274292,25.044637736989348,-16.68748268866026
824,13.134646538906726,0.2112499624490738,21.316898629315393,-19.548092590025906
825,-1.5019067036603246,-6.2572855949401855,-9.005480891390215,16.734981027226834
826,24.630006890233133,-19.830448150634766,-14.437925559818034,33.26157443238927
827,5.0479228961508795,6.954592704772949,-29.069203108341743,9.06249895514607
828,-16.053333251735072,-6.049740791320801,-19.869695187509862,22.488901472297066
829,9.846289971692265,3.077434539794922,-2.779432119209653,44.30993490774818
830,2.972207203753179,-14.59953498840332,18.639362412322203,-7.606009808680328
831,18.80938865360135,-1.0935457944869995,32.94382144094559,-5.929768510005925
832,21.800103939307903,0.4550739526748657,32.837683581769035,-0.20030816867737528
833,0.6443556684268614,15.719613075256348,22.390534468499524,-1.300978609922515
834,3.2376904554780204,-11.063348770141602,16.835212970236288,-12.610393840030932
835,-24.624324459614325,0.8890166282653809,-43.98724235560344,11.449339905424372
836,-17.43700121733356,-7.017526626586914,-3.7374334398477305,33.94452972265561
837,5.572724775599035,-4.520772457122803,-13.1228037916828,10.341796010753301
838,-2.007159993568287,-9.542060852050781,25.16817238773547,-1.588967663038634
839,-6.887334704872437,-15.22376823425293,-36.62654601069388,11.895547627255777
840,-1.4717147930620982,4.441442012786865,4.626532449712113,-1.582782098758886
841,-11.777323887848027,13.228958129882812,1.499682883087135,-33.26433288020624
842,-7.783209920528719,-9.358627319335938,-11.23495837275919,26.77854450814705
843,-3.6939105740299745,-7.519573211669922,12.59004605356579,-9.688164552243103
844,5.8343109506448645,-11.225777626037598,24.615392861148123,-9.779754000627216
845,-0.9357916449544348,0.6760289669036865,3.7852425420674756,-3.5511531371238063
846,1.4640948472157618,-4.953730583190918,-0.011093673255396667,0.11647452261847545
847,6.997735851920648,0.2953774333000183,13.47137684042458,-14.77191020195066
848,12.618027858340444,-0.4199933409690857,3.6895162240751476,-24.321396983537717
849,4.714996836176844,-4.55509090423584,14.926182177421323,-16.18490772078736
850,6.632264803235962,-0.27431797981262207,14.855378905159098,-2.1226436825724924
851,8.075708315495216,-25.6607666015625,-10.312308543912943,43.54580368352785
852,16.73484064488144,11.447240829467773,-28.28850389700771,17.961390231452633
853,-2.670104804587112,-5.457576751708984,0.6227579948925802,-8.859751934272694
854,-21.44295444496415,-14.805196762084961,-40.099050904103706,8.917278348001368
855,13.667115527842302,-0.45402806997299194,4.120172631070757,-23.775292881074908
856,17.696570803120636,-4.389469623565674,32.905432447716414,-0.12553379486898705
857,-18.404140304508413,0.8283030986785889,-15.038734823003702,27.584206884564157
858,-15.877226452502022,-9.510683059692383,-14.701564748162937,23.65871556349325
859,5.012931913704662,-17.90731430053711,-30.729467321256507,11.504419783542076
860,5.644814233641885,4.051969051361084,5.841672995994038,-34.6441144730754
861,17.768667607554413,-0.45798254013061523,17.27313132141733,-19.2248659293854
862,-6.841375251032563,-12.551039695739746,-43.722842327062814,8.787993511305602
863,-5.9361054478075275,-20.101051330566406,-3.921401297900708,27.72015882608677
864,-3.964671869350216,15.57632064819336,-15.920353714454503,34.922219321409116
865,15.260809677614795,6.889639377593994,-26.55543437938429,30.819114140921833
866,0.20181750443113344,-5.0230889320373535,1.220845816463134,-8.546722911053651
867,-7.886503916633785,19.47068977355957,-44.85073472163292,6.6849385712137295
868,14.248600188807963,-18.76414680480957,-11.631993530623964,41.86706839241294
869,0.9195422116122813,1.6805262565612793,9.921555680200905,-7.972378431123095
870,21.739224119204813,0.6886323690414429,5.4739832487270235,-38.1678775455452
871,-16.863656458154765,-0.7523156404495239,-20.74559645977945,17.781715942697122
872,-18.38456510443917,-10.94382095336914,-26.795585937532685,18.071461495666863
873,-14.538179699370001,-8.775720596313477,10.959210626249812,-24.188227471903794
874,0.6932270664298823,-10.299516677856445,24.708693281451204,-12.159085652817955
875,-31.182181861697547,-19.43850326538086,-33.414142414030366,27.109940887743317
876,-0.5924817846812687,-7.781661033630371,9.452026745647506,-12.944880417798416
877,-5.262324155304384,-8.406573295593262,15.972314557281932,-13.586091027980114
878,16.53961030029283,-3.7852725982666016,5.682938601597127,-22.123329276893525
879,6.328900000114146,-0.06980393826961517,12.396176293960796,-8.096075524770514
880,3.249026236018029,-12.20491886138916,16.26295831610979,-13.375167561275177
881,4.427513520423405,-9.928783416748047,1.0309489554919768,-36.81217085899702
882,10.366270147603394,0.4031287431716919,2.8605831833363276,-25.69405251035617
883,15.099584526600108,3.424360513687134,-9.76790389185262,35.938165171538714
884,-12.184847743081605,-13.793638229370117,-37.294224679527034,11.234630343022012
885,1.558134469377677,-0.8807130455970764,0.44769799674801736,0.25770972534121633
886,-12.137249159578648,-8.598226547241211,17.464893945273854,-8.249972170475889
887,-11.37621734549213,15.660633087158203,5.427850387753911,-28.07749105923959
888,3.346955765245127,0.1879851371049881,2.0617335638261483,-4.205788594142116
889,0.5336131854438584,-1.8096702098846436,0.9455382283272171,-4.9417030563819235
890,-0.9106792666236458,-2.567572593688965,0.8420787142544306,-5.070578282159082
891,-3.5712511707433094,-4.521585464477539,-5.801233065437171,9.80661867506946
892,-4.914282592248778,-2.5895707607269287,17.23596998940636,-3.6098490206679252
893,12.535402624291429,-3.8161325454711914,32.857495332350666,-0.2068971748571355
894,-4.483363615237359,-8.867862701416016,12.95974759929037,-16.621045425204112
895,-6.40813362780726,-5.744441986083984,-17.412387789644626,7.795047121379266
896,-3.5920728790391117,-9.61302375793457,18.722869390464574,-1.9226421926443247
897,-6.335369386146997,-9.854063034057617,19.41136354035337,-19.183170651920108
898,-1.4835597836638357,-19.395633697509766,-4.625542960499268,27.09416704897088
899,4.305748219655413,-4.702258110046387,9.704806988757387,-1.026991796129863
900,4.069204482797353,-9.483196258544922,18.785203964642815,-1.5916624760415383
901,7.726037131986608,-7.656235694885254,17.08617676645778,-1.2103311549310563
902,4.8703003044380715,-25.023765563964844,-4.021873444522518,49.618040688231495
903,5.892936766213381,-0.7255265712738037,12.737669956155925,-6.213422563174641
904,-0.1698396379755991,-12.604987144470215,3.489880158202315,-34.50490223720748
905,3.1626633743470407,7.1159844398498535,-17.762461659345288,28.70946687847764
906,-3.273313751282984,-6.757505416870117,3.9251260640387864,-12.388275355634834
907,-4.776448935064751,-6.142570495605469,15.411501071000954,-22.899185175088146
908,9.524439756505657,20.839500427246094,-15.784180730629771,24.740338980176336
909,-32.16724934364575,-18.641132354736328,-22.852425524278367,37.49015918759935
910,-3.976353006249145,14.327775001525879,22.255396931051873,-1.3676215476313534
911,1.7981336215048032,2.3584389686584473,2.673014537995647,-8.994251492528278
912,1.1002270193796804,-5.233488082885742,3.70775347137991,-1.3334556517159917
913,0.6616592167059423,-9.917865753173828,-21.538025949983307,7.781829106456926
914,-2.074356214506121,11.207515716552734,24.335447944757078,-4.29450976828144
915,-26.68619189597156,0.5326623916625977,-24.832937009530976,8.624229345532935
916,-13.996063285897897,3.862116813659668,-19.055999059123213,7.64396395686121
917,0.6110202243114564,13.784608840942383,19.43765243524841,-3.992604334852752
918,-7.209509292264094,-10.995864868164062,-4.760331449738342,32.115328844434266
919,13.902068873418973,-4.478105068206787,16.3761285834466,-26.94463658859396
920,2.1429031507384657,19.917089462280273,-14.053519035915631,36.74364767206145
921,0.8091082731559354,5.906584739685059,2.66699678358968,-9.090494597170094
922,9.595465917987674,-15.235624313354492,-23.831840993466024,12.920332437546191
923,10.241068791954099,13.820097923278809,-21.099960940158738,18.99892851771021
924,-0.6206506970760088,8.367737770080566,2.394828044679784,-9.301176790562485
925,-1.344295284987556,8.33955192565918,6.4573181860461375,-28.472852516360913
926,2.760747712117464,-1.0515320301055908,1.0701578460467887,-4.789566683145573
927,-5.0609354473123425,-18.785585403442383,-4.427853194837489,55.286411626860826
928,-34.89894245879025,24.125181198120117,-43.72293560788517,16.229295075434084
929,15.663733156910034,16.887943267822266,-39.09001673010219,12.292490173384753
930,16.25581789155661,8.88045883178711,-31.3428252361609,20.46318792696907
931,-6.261640685210102,3.1986286640167236,3.376801347193936,-37.24133031202876
932,8.666415445527395,4.215447425842285,-41.24021784216428,10.209569996954956
933,-0.00827346745997204,-4.718605041503906,-0.8771717299753972,1.9854148897498731
934,10.62508099722124,-0.0879499763250351,-37.01562810756279,2.499488481719812
935,8.216176757405425,0.4252651333808899,5.073391191629443,-23.32605604789113
936,-3.914332131209015,-2.3288626670837402,5.408912379835883,-2.943177016974452
937,-12.28626462183399,-13.50882339477539,-37.98884235816898,11.126966303252683
938,-1.9479887071549626,-3.38010835647583,2.1224112746553496,-7.071519498469697
939,4.8385505770179495,0.1372779756784439,20.377097558612864,-19.66781674024927
940,7.062163754213678,4.897050380706787,-15.702521342039468,12.402683534675827
941,-2.8173352455371585,12.730947494506836,6.119376062056253,-28.825570098700744
942,8.725958366779196,0.7221636772155762,16.474350702967705,-0.6259071987123109
943,17.34940195524866,-1.176413655281067,31.064707468118414,-8.012523271171384
944,-4.929797456435964,-5.319937705993652,-57.72676970486762,2.52680260605288
945,18.155101756272636,-0.5650137662887573,34.99765738372667,-2.2216670636323257
946,6.204207253340627,-10.371624946594238,0.8548009468043534,-39.00235595710267
947,8.592039550609531,18.101726531982422,-14.897927557670585,35.003342111149735
948,7.655275857380534,6.73875617980957,-41.58639559087106,4.251556850627311
949,10.915513928946314,1.5432655811309814,4.338874560031217,-17.695985678692246
950,-3.6010257166452746,10.17609691619873,-21.09674202140491,8.812648684237308
951,2.3388214919120287,2.7080063819885254,-5.244062290609997,13.353498676257615
952,-2.1932784582646647,-9.210968017578125,21.367986262696363,-9.216178088294372
953,7.789559491851897,-7.840812683105469,-16.812711601451056,5.737197960270883
954,0.5995078408932741,-5.006336688995361,-23.126424799499418,12.383237556327423
955,0.7664099690325088,1.8879647254943848,-0.8784412832373688,4.541363901145415
956,4.388622372377299,5.8715362548828125,-3.5967991901810943,43.27878259248873
957,-2.2903400476591287,3.228680372238159,7.239519819092357,-10.84412438103639
958,17.94443849449422,15.85910415649414,-14.014102089571246,42.37019195280496
959,-1.0996011665350487,0.0921211987733841,12.513056062660809,-5.110404966949699
960,12.302704219747131,-25.992027282714844,-10.575137343461886,43.28902448948492
961,-1.7971169520966157,3.7076215744018555,-6.251388917971758,21.38246495420181
962,6.427308067448706,-7.783994674682617,-40.43084330583617,4.147043631570807
963,-8.7789206343195,-18.864299774169922,-5.026498037235976,54.68366719851122
964,10.780808040336979,-0.21047763526439667,3.1605325924967405,-25.415871547457748
965,-4.077650137856793,1.861299991607666,9.437894905109166,-8.50928591783199
966,1.485828242578222,-7.640348434448242,-21.5308947865992,7.796183404391558
967,13.877961620981544,-0.9580443501472473,23.150556462501548,-8.713205741584222
968,-23.301644820412676,19.35779571533203,-44.95038787938504,15.272626201686077
969,5.650523004805436,-18.72404670715332,-7.80739842396315,24.102104334672287
970,17.3981091486998,-1.0691938400268555,19.496406292786034,-11.758610825072955
971,19.77095723526909,-2.211911678314209,26.58320799886878,-13.804001692813408
972,21.872914718289337,-1.244037389755249,30.442370719125012,-2.5459633582057033
973,0.24922587120576623,-8.043583869934082,1.3323548022003953,-14.099704085183271
974,20.25387190252149,-1.430994987487793,-30.438725793432887,27.051586729849607
975,0.42006274529614984,4.8876495361328125,7.9763300336898215,-26.745611655106277
976,9.093649298541088,22.68023681640625,-16.37626807780947,23.774866255570313
977,-10.90591109702871,-4.258105278015137,-29.539194476630016,26.193722772475795
978,1.6899138263086755,-3.6408095359802246,1.5036487462040322,-0.2468213300983599
979,0.2918400121031439,-7.163639068603516,2.7512521320668406,-1.7667208994038517
980,-8.634642750567984,3.297003984451294,29.01977112441183,-0.8664321274818397
981,10.698081741122643,7.4840192794799805,-37.305701567876476,2.194367611675569
982,20.215100693293444,21.547401428222656,-19.573161696839236,35.252901526845555
983,11.334473358009433,0.4552142024040222,-12.207994019626344,12.13965256682334
984,-12.5098968293285,13.317436218261719,4.612564489461506,-30.292173866691783
985,7.141320092040054,17.730037689208984,-0.9532011327972952,33.46972792054816
986,19.10086218497203,-4.249403476715088,23.204905232526183,-15.38449409932929
987,8.61775835891406,-9.401351928710938,-10.372314719889655,32.940488208479586
988,-6.979123205699661,-9.428837776184082,24.42076788667206,-4.446706122991495
989,-1.2238056408262565,-9.599180221557617,21.650084518624833,-15.202285381066323
990,-9.385656265887071,12.451189041137695,-28.967813677070723,10.368167460063592
991,-21.82959078137261,20.61061668395996,-34.20609504050538,25.30815590994646
992,7.336056397969674,-0.6347193717956543,-51.57328903690574,7.585316059476417
993,-21.88842934205273,-3.647753953933716,-29.706599247104513,3.5558244099215344
994,4.066180633858675,-11.693109512329102,-38.394839374490914,8.792115496600669
995,-17.541135254882473,-2.8061914443969727,-12.928996048569925,25.12754904085339
996,-6.241448418790007,-9.104514122009277,11.771068023362274,-16.86426309767593
997,-24.239187334762242,-5.047793865203857,-15.804367459998574,24.313422633025183
998,-4.869396981718765,5.259591102600098,20.72626349743719,-8.562135303686546
999,9.870654542002988,19.609357833862305,-13.51392047967261,33.08198551598516
1000,-0.3529692439865926,2.1164989471435547,9.95682916001097,-2.056454231964283
